{
    "System.Provider.Name": "Microsoft-Windows-Sysmon",
    "System.Provider.Guid": "{5770385f-c22a-43e0-bf4c-06f5698ffbd9}",
    "System.EventID.Qualifiers": "",
    "System.EventID.text": "11",
    "System.Version": "2",
    "System.Level": "4",
    "System.Task": "11",
    "System.Opcode": "0",
    "System.Keywords": "0x8000000000000000",
    "System.TimeCreated.SystemTime": "2017-10-23 16:50:48.699669",
    "System.EventRecordID": "10881",
    "System.Correlation.ActivityID": "",
    "System.Correlation.RelatedActivityID": "",
    "System.Execution.ProcessID": "1996",
    "System.Execution.ThreadID": "2636",
    "System.Channel": "Microsoft-Windows-Sysmon/Operational",
    "System.Computer": "DESKTOP-GH9KMB7",
    "System.Security.UserID": "S-1-5-18",
    "EventData.Data.UtcTime": "2017-10-23 16:50:48.695",
    "EventData.Data.ProcessGuid": "{fe62ad40-1d7e-59ee-0000-00105d130100}",
    "EventData.Data.ProcessId": "1184",
    "EventData.Data.Image": "C:\\Windows\\System32\\cmd.exe",
    "EventData.Data.TargetFilename": "C:\\file.txt:evil.exe",
    "EventData.Data.CreationUtcTime": "2017-10-19 18:44:59.471"
}
{
    "System.Provider.Name": "Microsoft-Windows-Sysmon",
    "System.Provider.Guid": "{5770385f-c22a-43e0-bf4c-06f5698ffbd9}",
    "System.EventID.Qualifiers": "",
    "System.EventID.text": "1",
    "System.Version": "5",
    "System.Level": "4",
    "System.Task": "1",
    "System.Opcode": "0",
    "System.Keywords": "0x8000000000000000",
    "System.TimeCreated.SystemTime": "2017-10-23 16:49:48.938934",
    "System.EventRecordID": "10859",
    "System.Correlation.ActivityID": "",
    "System.Correlation.RelatedActivityID": "",
    "System.Execution.ProcessID": "1996",
    "System.Execution.ThreadID": "2636",
    "System.Channel": "Microsoft-Windows-Sysmon/Operational",
    "System.Computer": "DESKTOP-GH9KMB7",
    "System.Security.UserID": "S-1-5-18",
    "EventData.Data.UtcTime": "2017-10-23 16:49:48.882",
    "EventData.Data.ProcessGuid": "{fe62ad40-1dac-59ee-0000-00108dc60800}",
    "EventData.Data.ProcessId": "5952",
    "EventData.Data.Image": "SoundRecorder.exe",
    "EventData.Data.CommandLine": "SoundRecorder /FILE test.wma /DURATION 30",
    "EventData.Data.CurrentDirectory": "Z:\\protected\\",
    "EventData.Data.User": "DESKTOP-GH9KMB7\\admin",
    "EventData.Data.LogonGuid": "{fe62ad40-1d89-59ee-0000-0020301b0300}",
    "EventData.Data.LogonId": "0x0000000000031b30",
    "EventData.Data.TerminalSessionId": "1",
    "EventData.Data.IntegrityLevel": "High",
    "EventData.Data.Hashes": "MD5=6E9B0282F7EAEE284E0E6D909544DE2D,SHA256=4D1668FB5D66A972AC0FB7E3FEA69003D7FA50116B8F21E5F277972F0177C042",
    "EventData.Data.ParentProcessGuid": "{fe62ad40-1dac-59ee-0000-0010beb30800}",
    "EventData.Data.ParentProcessId": "5896",
    "EventData.Data.ParentImage": "C:\\Windows\\System32\\cmd.exe",
    "EventData.Data.ParentCommandLine": "C:\\Windows\\system32\\cmd.exe  /K Z:\\protected\\MALWARE_LOGGER.CMD  Z:\\MALWARE\\001c7e75a9a23e9a5ba8f0f45a596e32"
}
{
    "System.Provider.Name": "Microsoft-Windows-Sysmon",
    "System.Provider.Guid": "{5770385f-c22a-43e0-bf4c-06f5698ffbd9}",
    "System.EventID.Qualifiers": "",
    "System.EventID.text": "1",
    "System.Version": "5",
    "System.Level": "4",
    "System.Task": "1",
    "System.Opcode": "0",
    "System.Keywords": "0x8000000000000000",
    "System.TimeCreated.SystemTime": "2017-10-23 16:49:48.997751",
    "System.EventRecordID": "10860",
    "System.Correlation.ActivityID": "",
    "System.Correlation.RelatedActivityID": "",
    "System.Execution.ProcessID": "1996",
    "System.Execution.ThreadID": "2636",
    "System.Channel": "Microsoft-Windows-Sysmon/Operational",
    "System.Computer": "DESKTOP-GH9KMB7",
    "System.Security.UserID": "S-1-5-18",
    "EventData.Data.UtcTime": "2017-10-23 16:49:48.996",
    "EventData.Data.ProcessGuid": "{fe62ad40-1dac-59ee-0000-001099cc0800}",
    "EventData.Data.ProcessId": "5988",
    "EventData.Data.Image": "C:\\Windows\\Microsoft.NET\\Framework\\v4.0.30319\\msbuild.exe",
    "EventData.Data.CommandLine": "C:\\Windows\\Microsoft.NET\\Framework\\v4.0.30319\\msbuild.exe  T1127.csproj",
    "EventData.Data.CurrentDirectory": "Z:\\protected\\",
    "EventData.Data.User": "DESKTOP-GH9KMB7\\admin",
    "EventData.Data.LogonGuid": "{fe62ad40-1d89-59ee-0000-0020301b0300}",
    "EventData.Data.LogonId": "0x0000000000031b30",
    "EventData.Data.TerminalSessionId": "1",
    "EventData.Data.IntegrityLevel": "High",
    "EventData.Data.Hashes": "MD5=6E9B0282F7EAEE284E0E6D909544DE2D,SHA256=4D1668FB5D66A972AC0FB7E3FEA69003D7FA50116B8F21E5F277972F0177C042",
    "EventData.Data.ParentProcessGuid": "{fe62ad40-1dac-59ee-0000-0010beb30800}",
    "EventData.Data.ParentProcessId": "5896",
    "EventData.Data.ParentImage": "C:\\Windows\\System32\\cmd.exe",
    "EventData.Data.ParentCommandLine": "C:\\Windows\\system32\\cmd.exe  /K Z:\\protected\\MALWARE_LOGGER.CMD  Z:\\MALWARE\\001c7e75a9a23e9a5ba8f0f45a596e32"
}
{
    "System.Provider.Name": "Microsoft-Windows-Sysmon",
    "System.Provider.Guid": "{5770385f-c22a-43e0-bf4c-06f5698ffbd9}",
    "System.EventID.Qualifiers": "",
    "System.EventID.text": "1",
    "System.Version": "5",
    "System.Level": "4",
    "System.Task": "1",
    "System.Opcode": "0",
    "System.Keywords": "0x8000000000000000",
    "System.TimeCreated.SystemTime": "2017-10-23 16:49:49.019573",
    "System.EventRecordID": "10861",
    "System.Correlation.ActivityID": "",
    "System.Correlation.RelatedActivityID": "",
    "System.Execution.ProcessID": "1996",
    "System.Execution.ThreadID": "2636",
    "System.Channel": "Microsoft-Windows-Sysmon/Operational",
    "System.Computer": "DESKTOP-GH9KMB7",
    "System.Security.UserID": "S-1-5-18",
    "EventData.Data.UtcTime": "2017-10-23 16:49:49.016",
    "EventData.Data.ProcessGuid": "{fe62ad40-1dad-59ee-0000-00107bcd0800}",
    "EventData.Data.ProcessId": "6000",
    "EventData.Data.Image": "C:\\Windows\\System32\\sc.exe",
    "EventData.Data.CommandLine": "SC  QUERY SYSMON",
    "EventData.Data.CurrentDirectory": "Z:\\protected\\",
    "EventData.Data.User": "DESKTOP-GH9KMB7\\admin",
    "EventData.Data.LogonGuid": "{fe62ad40-1d89-59ee-0000-0020301b0300}",
    "EventData.Data.LogonId": "0x0000000000031b30",
    "EventData.Data.TerminalSessionId": "1",
    "EventData.Data.IntegrityLevel": "High",
    "EventData.Data.Hashes": "MD5=6E9B0282F7EAEE284E0E6D909544DE2D,SHA256=4D1668FB5D66A972AC0FB7E3FEA69003D7FA50116B8F21E5F277972F0177C042",
    "EventData.Data.ParentProcessGuid": "{fe62ad40-1dac-59ee-0000-0010beb30800}",
    "EventData.Data.ParentProcessId": "5896",
    "EventData.Data.ParentImage": "C:\\Windows\\System32\\cmd.exe",
    "EventData.Data.ParentCommandLine": "C:\\Windows\\system32\\cmd.exe  /K Z:\\protected\\MALWARE_LOGGER.CMD  Z:\\MALWARE\\001c7e75a9a23e9a5ba8f0f45a596e32"
}
{
    "System.Provider.Name": "Microsoft-Windows-Sysmon",
    "System.Provider.Guid": "{5770385f-c22a-43e0-bf4c-06f5698ffbd9}",
    "System.EventID.Qualifiers": "",
    "System.EventID.text": "1",
    "System.Version": "5",
    "System.Level": "4",
    "System.Task": "1",
    "System.Opcode": "0",
    "System.Keywords": "0x8000000000000000",
    "System.TimeCreated.SystemTime": "2017-10-23 16:49:49.027575",
    "System.EventRecordID": "10862",
    "System.Correlation.ActivityID": "",
    "System.Correlation.RelatedActivityID": "",
    "System.Execution.ProcessID": "1996",
    "System.Execution.ThreadID": "2636",
    "System.Channel": "Microsoft-Windows-Sysmon/Operational",
    "System.Computer": "DESKTOP-GH9KMB7",
    "System.Security.UserID": "S-1-5-18",
    "EventData.Data.UtcTime": "2017-10-23 16:49:49.025",
    "EventData.Data.ProcessGuid": "{fe62ad40-1dad-59ee-0000-001003ce0800}",
    "EventData.Data.ProcessId": "6012",
    "EventData.Data.Image": "C:\\Windows\\System32\\find.exe",
    "EventData.Data.CommandLine": "FIND  /I \"RUNNING\"",
    "EventData.Data.CurrentDirectory": "Z:\\protected\\",
    "EventData.Data.User": "DESKTOP-GH9KMB7\\admin",
    "EventData.Data.LogonGuid": "{fe62ad40-1d89-59ee-0000-0020301b0300}",
    "EventData.Data.LogonId": "0x0000000000031b30",
    "EventData.Data.TerminalSessionId": "1",
    "EventData.Data.IntegrityLevel": "High",
    "EventData.Data.Hashes": "MD5=7B77266A870E8E64F55F87601675E83B,SHA256=6B78ED0BB79EAFBFCAC09D9A7BDC61657B1EA0E04D3B7E19411FD21426171B89",
    "EventData.Data.ParentProcessGuid": "{fe62ad40-1dac-59ee-0000-0010beb30800}",
    "EventData.Data.ParentProcessId": "5896",
    "EventData.Data.ParentImage": "C:\\Windows\\System32\\cmd.exe",
    "EventData.Data.ParentCommandLine": "C:\\Windows\\system32\\cmd.exe  /K Z:\\protected\\MALWARE_LOGGER.CMD  Z:\\MALWARE\\001c7e75a9a23e9a5ba8f0f45a596e32"
}
{
    "System.Provider.Name": "Microsoft-Windows-Sysmon",
    "System.Provider.Guid": "{5770385f-c22a-43e0-bf4c-06f5698ffbd9}",
    "System.EventID.Qualifiers": "",
    "System.EventID.text": "1",
    "System.Version": "5",
    "System.Level": "4",
    "System.Task": "1",
    "System.Opcode": "0",
    "System.Keywords": "0x8000000000000000",
    "System.TimeCreated.SystemTime": "2017-10-23 16:49:49.071213",
    "System.EventRecordID": "10863",
    "System.Correlation.ActivityID": "",
    "System.Correlation.RelatedActivityID": "",
    "System.Execution.ProcessID": "1996",
    "System.Execution.ThreadID": "2636",
    "System.Channel": "Microsoft-Windows-Sysmon/Operational",
    "System.Computer": "DESKTOP-GH9KMB7",
    "System.Security.UserID": "S-1-5-18",
    "EventData.Data.UtcTime": "2017-10-23 16:49:49.069",
    "EventData.Data.ProcessGuid": "{fe62ad40-1dad-59ee-0000-001053cf0800}",
    "EventData.Data.ProcessId": "6024",
    "EventData.Data.Image": "C:\\Windows\\System32\\sc.exe",
    "EventData.Data.CommandLine": "SC  QUERY SYSMONDRV",
    "EventData.Data.CurrentDirectory": "Z:\\protected\\",
    "EventData.Data.User": "DESKTOP-GH9KMB7\\admin",
    "EventData.Data.LogonGuid": "{fe62ad40-1d89-59ee-0000-0020301b0300}",
    "EventData.Data.LogonId": "0x0000000000031b30",
    "EventData.Data.TerminalSessionId": "1",
    "EventData.Data.IntegrityLevel": "High",
    "EventData.Data.Hashes": "MD5=6E9B0282F7EAEE284E0E6D909544DE2D,SHA256=4D1668FB5D66A972AC0FB7E3FEA69003D7FA50116B8F21E5F277972F0177C042",
    "EventData.Data.ParentProcessGuid": "{fe62ad40-1dac-59ee-0000-0010beb30800}",
    "EventData.Data.ParentProcessId": "5896",
    "EventData.Data.ParentImage": "C:\\Windows\\System32\\cmd.exe",
    "EventData.Data.ParentCommandLine": "C:\\Windows\\system32\\cmd.exe  /K Z:\\protected\\MALWARE_LOGGER.CMD  Z:\\MALWARE\\001c7e75a9a23e9a5ba8f0f45a596e32"
}
{
    "System.Provider.Name": "Microsoft-Windows-Sysmon",
    "System.Provider.Guid": "{5770385f-c22a-43e0-bf4c-06f5698ffbd9}",
    "System.EventID.Qualifiers": "",
    "System.EventID.text": "1",
    "System.Version": "5",
    "System.Level": "4",
    "System.Task": "1",
    "System.Opcode": "0",
    "System.Keywords": "0x8000000000000000",
    "System.TimeCreated.SystemTime": "2017-10-23 16:49:49.086775",
    "System.EventRecordID": "10864",
    "System.Correlation.ActivityID": "",
    "System.Correlation.RelatedActivityID": "",
    "System.Execution.ProcessID": "1996",
    "System.Execution.ThreadID": "2636",
    "System.Channel": "Microsoft-Windows-Sysmon/Operational",
    "System.Computer": "DESKTOP-GH9KMB7",
    "System.Security.UserID": "S-1-5-18",
    "EventData.Data.UtcTime": "2017-10-23 16:49:49.085",
    "EventData.Data.ProcessGuid": "{fe62ad40-1dad-59ee-0000-0010dccf0800}",
    "EventData.Data.ProcessId": "6040",
    "EventData.Data.Image": "C:\\Windows\\System32\\find.exe",
    "EventData.Data.CommandLine": "FIND  /I \"RUNNING\"",
    "EventData.Data.CurrentDirectory": "Z:\\protected\\",
    "EventData.Data.User": "DESKTOP-GH9KMB7\\admin",
    "EventData.Data.LogonGuid": "{fe62ad40-1d89-59ee-0000-0020301b0300}",
    "EventData.Data.LogonId": "0x0000000000031b30",
    "EventData.Data.TerminalSessionId": "1",
    "EventData.Data.IntegrityLevel": "High",
    "EventData.Data.Hashes": "MD5=7B77266A870E8E64F55F87601675E83B,SHA256=6B78ED0BB79EAFBFCAC09D9A7BDC61657B1EA0E04D3B7E19411FD21426171B89",
    "EventData.Data.ParentProcessGuid": "{fe62ad40-1dac-59ee-0000-0010beb30800}",
    "EventData.Data.ParentProcessId": "5896",
    "EventData.Data.ParentImage": "C:\\Windows\\System32\\cmd.exe",
    "EventData.Data.ParentCommandLine": "C:\\Windows\\system32\\cmd.exe  /K Z:\\protected\\MALWARE_LOGGER.CMD  Z:\\MALWARE\\001c7e75a9a23e9a5ba8f0f45a596e32"
}
{
    "System.Provider.Name": "Microsoft-Windows-Sysmon",
    "System.Provider.Guid": "{5770385f-c22a-43e0-bf4c-06f5698ffbd9}",
    "System.EventID.Qualifiers": "",
    "System.EventID.text": "1",
    "System.Version": "5",
    "System.Level": "4",
    "System.Task": "1",
    "System.Opcode": "0",
    "System.Keywords": "0x8000000000000000",
    "System.TimeCreated.SystemTime": "2017-10-23 16:49:49.249157",
    "System.EventRecordID": "10865",
    "System.Correlation.ActivityID": "",
    "System.Correlation.RelatedActivityID": "",
    "System.Execution.ProcessID": "1996",
    "System.Execution.ThreadID": "2636",
    "System.Channel": "Microsoft-Windows-Sysmon/Operational",
    "System.Computer": "DESKTOP-GH9KMB7",
    "System.Security.UserID": "S-1-5-18",
    "EventData.Data.UtcTime": "2017-10-23 16:49:49.241",
    "EventData.Data.ProcessGuid": "{fe62ad40-1dad-59ee-0000-001055d10800}",
    "EventData.Data.ProcessId": "6052",
    "EventData.Data.Image": "C:\\Windows\\System32\\reg.exe",
    "EventData.Data.CommandLine": "REG  QUERY \"HKLM\\System\\CurrentControlSet\\Control\\Lsa\" /v LimitBlankPasswordUse",
    "EventData.Data.CurrentDirectory": "Z:\\protected\\",
    "EventData.Data.User": "DESKTOP-GH9KMB7\\admin",
    "EventData.Data.LogonGuid": "{fe62ad40-1d89-59ee-0000-0020301b0300}",
    "EventData.Data.LogonId": "0x0000000000031b30",
    "EventData.Data.TerminalSessionId": "1",
    "EventData.Data.IntegrityLevel": "High",
    "EventData.Data.Hashes": "MD5=EDE11E768487C6FEFC1287E5CB653662,SHA256=405A70C2B6081E6FED2A4BAB7B0C233FFF022ACBBB3D2CC92CB8876D052DB9E4",
    "EventData.Data.ParentProcessGuid": "{fe62ad40-1dac-59ee-0000-0010beb30800}",
    "EventData.Data.ParentProcessId": "5896",
    "EventData.Data.ParentImage": "C:\\Windows\\System32\\cmd.exe",
    "EventData.Data.ParentCommandLine": "C:\\Windows\\system32\\cmd.exe  /K Z:\\protected\\MALWARE_LOGGER.CMD  Z:\\MALWARE\\001c7e75a9a23e9a5ba8f0f45a596e32"
}
{
    "System.Provider.Name": "Microsoft-Windows-Sysmon",
    "System.Provider.Guid": "{5770385f-c22a-43e0-bf4c-06f5698ffbd9}",
    "System.EventID.Qualifiers": "",
    "System.EventID.text": "1",
    "System.Version": "5",
    "System.Level": "4",
    "System.Task": "1",
    "System.Opcode": "0",
    "System.Keywords": "0x8000000000000000",
    "System.TimeCreated.SystemTime": "2017-10-23 16:49:49.264717",
    "System.EventRecordID": "10866",
    "System.Correlation.ActivityID": "",
    "System.Correlation.RelatedActivityID": "",
    "System.Execution.ProcessID": "1996",
    "System.Execution.ThreadID": "2636",
    "System.Channel": "Microsoft-Windows-Sysmon/Operational",
    "System.Computer": "DESKTOP-GH9KMB7",
    "System.Security.UserID": "S-1-5-18",
    "EventData.Data.UtcTime": "2017-10-23 16:49:49.262",
    "EventData.Data.ProcessGuid": "{fe62ad40-1dad-59ee-0000-001016d20800}",
    "EventData.Data.ProcessId": "6064",
    "EventData.Data.Image": "C:\\Windows\\System32\\cmd.exe",
    "EventData.Data.CommandLine": "C:\\Windows\\system32\\cmd.exe /c REG QUERY \"HKLM\\System\\CurrentControlSet\\Control\\Lsa\" /v LimitBlankPasswordUse | FIND /I \"LIMITBLANKPASSWORDUSE\"",
    "EventData.Data.CurrentDirectory": "Z:\\protected\\",
    "EventData.Data.User": "DESKTOP-GH9KMB7\\admin",
    "EventData.Data.LogonGuid": "{fe62ad40-1d89-59ee-0000-0020301b0300}",
    "EventData.Data.LogonId": "0x0000000000031b30",
    "EventData.Data.TerminalSessionId": "1",
    "EventData.Data.IntegrityLevel": "High",
    "EventData.Data.Hashes": "MD5=8FAFBE3C23E2BE4D6A3C063118B9A4F2,SHA256=4C3EA4C44AAB74350355C419826B8C9E6172C3BD8F0BB5817ECF7BE50B629051",
    "EventData.Data.ParentProcessGuid": "{fe62ad40-1dac-59ee-0000-0010beb30800}",
    "EventData.Data.ParentProcessId": "5896",
    "EventData.Data.ParentImage": "C:\\Windows\\System32\\cmd.exe",
    "EventData.Data.ParentCommandLine": "C:\\Windows\\system32\\cmd.exe  /K Z:\\protected\\MALWARE_LOGGER.CMD  Z:\\MALWARE\\001c7e75a9a23e9a5ba8f0f45a596e32"
}
{
    "System.Provider.Name": "Microsoft-Windows-Sysmon",
    "System.Provider.Guid": "{5770385f-c22a-43e0-bf4c-06f5698ffbd9}",
    "System.EventID.Qualifiers": "",
    "System.EventID.text": "1",
    "System.Version": "5",
    "System.Level": "4",
    "System.Task": "1",
    "System.Opcode": "0",
    "System.Keywords": "0x8000000000000000",
    "System.TimeCreated.SystemTime": "2017-10-23 16:49:49.280096",
    "System.EventRecordID": "10867",
    "System.Correlation.ActivityID": "",
    "System.Correlation.RelatedActivityID": "",
    "System.Execution.ProcessID": "1996",
    "System.Execution.ThreadID": "2636",
    "System.Channel": "Microsoft-Windows-Sysmon/Operational",
    "System.Computer": "DESKTOP-GH9KMB7",
    "System.Security.UserID": "S-1-5-18",
    "EventData.Data.UtcTime": "2017-10-23 16:49:49.278",
    "EventData.Data.ProcessGuid": "{fe62ad40-1dad-59ee-0000-0010ded20800}",
    "EventData.Data.ProcessId": "6076",
    "EventData.Data.Image": "C:\\Windows\\System32\\reg.exe",
    "EventData.Data.CommandLine": "REG  QUERY \"HKLM\\System\\CurrentControlSet\\Control\\Lsa\" /v LimitBlankPasswordUse",
    "EventData.Data.CurrentDirectory": "Z:\\protected\\",
    "EventData.Data.User": "DESKTOP-GH9KMB7\\admin",
    "EventData.Data.LogonGuid": "{fe62ad40-1d89-59ee-0000-0020301b0300}",
    "EventData.Data.LogonId": "0x0000000000031b30",
    "EventData.Data.TerminalSessionId": "1",
    "EventData.Data.IntegrityLevel": "High",
    "EventData.Data.Hashes": "MD5=EDE11E768487C6FEFC1287E5CB653662,SHA256=405A70C2B6081E6FED2A4BAB7B0C233FFF022ACBBB3D2CC92CB8876D052DB9E4",
    "EventData.Data.ParentProcessGuid": "{fe62ad40-1dad-59ee-0000-001016d20800}",
    "EventData.Data.ParentProcessId": "6064",
    "EventData.Data.ParentImage": "C:\\Windows\\System32\\cmd.exe",
    "EventData.Data.ParentCommandLine": "C:\\Windows\\system32\\cmd.exe /c REG QUERY \"HKLM\\System\\CurrentControlSet\\Control\\Lsa\" /v LimitBlankPasswordUse | FIND /I \"LIMITBLANKPASSWORDUSE\""
}
{
    "System.Provider.Name": "Microsoft-Windows-Sysmon",
    "System.Provider.Guid": "{5770385f-c22a-43e0-bf4c-06f5698ffbd9}",
    "System.EventID.Qualifiers": "",
    "System.EventID.text": "1",
    "System.Version": "5",
    "System.Level": "4",
    "System.Task": "1",
    "System.Opcode": "0",
    "System.Keywords": "0x8000000000000000",
    "System.TimeCreated.SystemTime": "2017-10-23 16:49:49.289251",
    "System.EventRecordID": "10868",
    "System.Correlation.ActivityID": "", 
    "System.Correlation.RelatedActivityID": "",
    "System.Execution.ProcessID": "1996",
    "System.Execution.ThreadID": "2636",
    "System.Channel": "Microsoft-Windows-Sysmon/Operational",
    "System.Computer": "DESKTOP-GH9KMB7",
    "System.Security.UserID": "S-1-5-18",
    "EventData.Data.UtcTime": "2017-10-23 16:49:49.287",
    "EventData.Data.ProcessGuid": "{fe62ad40-1dad-59ee-0000-00104dd30800}",
    "EventData.Data.ProcessId": "6084",
    "EventData.Data.Image": "C:\\Windows\\System32\\find.exe",
    "EventData.Data.CommandLine": "FIND  /I \"LIMITBLANKPASSWORDUSE\"",
    "EventData.Data.CurrentDirectory": "Z:\\protected\\",
    "EventData.Data.User": "DESKTOP-GH9KMB7\\admin",
    "EventData.Data.LogonGuid": "{fe62ad40-1d89-59ee-0000-0020301b0300}",
    "EventData.Data.LogonId": "0x0000000000031b30",
    "EventData.Data.TerminalSessionId": "1",
    "EventData.Data.IntegrityLevel": "High",
    "EventData.Data.Hashes": "MD5=7B77266A870E8E64F55F87601675E83B,SHA256=6B78ED0BB79EAFBFCAC09D9A7BDC61657B1EA0E04D3B7E19411FD21426171B89",
    "EventData.Data.ParentProcessGuid": "{fe62ad40-1dad-59ee-0000-001016d20800}",
    "EventData.Data.ParentProcessId": "6064",
    "EventData.Data.ParentImage": "C:\\Windows\\System32\\cmd.exe",
    "EventData.Data.ParentCommandLine": "C:\\Windows\\system32\\cmd.exe /c REG QUERY \"HKLM\\System\\CurrentControlSet\\Control\\Lsa\" /v LimitBlankPasswordUse | FIND /I \"LIMITBLANKPASSWORDUSE\""
}
{
    "System.Provider.Name": "Microsoft-Windows-Sysmon",
    "System.Provider.Guid": "{5770385f-c22a-43e0-bf4c-06f5698ffbd9}",
    "System.EventID.Qualifiers": "",
    "System.EventID.text": "1",
    "System.Version": "5",
    "System.Level": "4",
    "System.Task": "1",
    "System.Opcode": "0",
    "System.Keywords": "0x8000000000000000",
    "System.TimeCreated.SystemTime": "2017-10-23 16:49:49.311966",
    "System.EventRecordID": "10869",
    "System.Correlation.ActivityID": "",
    "System.Correlation.RelatedActivityID": "",
    "System.Execution.ProcessID": "1996",
    "System.Execution.ThreadID": "2636",
    "System.Channel": "Microsoft-Windows-Sysmon/Operational",
    "System.Computer": "DESKTOP-GH9KMB7",
    "System.Security.UserID": "S-1-5-18",
    "EventData.Data.UtcTime": "2017-10-23 16:49:49.309",
    "EventData.Data.ProcessGuid": "{fe62ad40-1dad-59ee-0000-001074d40800}",
    "EventData.Data.ProcessId": "6100",
    "EventData.Data.Image": "C:\\Windows\\System32\\cmd.exe",
    "EventData.Data.CommandLine": "C:\\Windows\\system32\\cmd.exe  /S /D /c\" ECHO\"",
    "EventData.Data.CurrentDirectory": "Z:\\protected\\",
    "EventData.Data.User": "DESKTOP-GH9KMB7\\admin",
    "EventData.Data.LogonGuid": "{fe62ad40-1d89-59ee-0000-0020301b0300}",
    "EventData.Data.LogonId": "0x0000000000031b30",
    "EventData.Data.TerminalSessionId": "1",
    "EventData.Data.IntegrityLevel": "High",
    "EventData.Data.Hashes": "MD5=8FAFBE3C23E2BE4D6A3C063118B9A4F2,SHA256=4C3EA4C44AAB74350355C419826B8C9E6172C3BD8F0BB5817ECF7BE50B629051",
    "EventData.Data.ParentProcessGuid": "{fe62ad40-1dac-59ee-0000-0010beb30800}",
    "EventData.Data.ParentProcessId": "5896",
    "EventData.Data.ParentImage": "C:\\Windows\\System32\\cmd.exe",
    "EventData.Data.ParentCommandLine": "C:\\Windows\\system32\\cmd.exe  /K Z:\\protected\\MALWARE_LOGGER.CMD  Z:\\MALWARE\\001c7e75a9a23e9a5ba8f0f45a596e32"
}
{
    "System.Provider.Name": "Microsoft-Windows-Sysmon",
    "System.Provider.Guid": "{5770385f-c22a-43e0-bf4c-06f5698ffbd9}",
    "System.EventID.Qualifiers": "",
    "System.EventID.text": "1",
    "System.Version": "5",
    "System.Level": "4",
    "System.Task": "1",
    "System.Opcode": "0",
    "System.Keywords": "0x8000000000000000",
    "System.TimeCreated.SystemTime": "2017-10-23 16:49:49.330038",
    "System.EventRecordID": "10870",
    "System.Correlation.ActivityID": "",
    "System.Correlation.RelatedActivityID": "",
    "System.Execution.ProcessID": "1996",
    "System.Execution.ThreadID": "2636",
    "System.Channel": "Microsoft-Windows-Sysmon/Operational",
    "System.Computer": "DESKTOP-GH9KMB7",
    "System.Security.UserID": "S-1-5-18",
    "EventData.Data.UtcTime": "2017-10-23 16:49:49.326",
    "EventData.Data.ProcessGuid": "{fe62ad40-1dad-59ee-0000-00100fd50800}",
    "EventData.Data.ProcessId": "6112",
    "EventData.Data.Image": "C:\\Windows\\System32\\net.exe",
    "EventData.Data.CommandLine": "NET  USER admin *",
    "EventData.Data.CurrentDirectory": "Z:\\protected\\",
    "EventData.Data.User": "DESKTOP-GH9KMB7\\admin",
    "EventData.Data.LogonGuid": "{fe62ad40-1d89-59ee-0000-0020301b0300}",
    "EventData.Data.LogonId": "0x0000000000031b30",
    "EventData.Data.TerminalSessionId": "1",
    "EventData.Data.IntegrityLevel": "High",
    "EventData.Data.Hashes": "MD5=8055B288B1F39855014A68BEC31D8E6D,SHA256=08F791037FD70209FD599C4F35088A7332DADFA6BE92D073C243C5CC79FEFE66",
    "EventData.Data.ParentProcessGuid": "{fe62ad40-1dac-59ee-0000-0010beb30800}",
    "EventData.Data.ParentProcessId": "5896",
    "EventData.Data.ParentImage": "C:\\Windows\\System32\\cmd.exe",
    "EventData.Data.ParentCommandLine": "C:\\Windows\\system32\\cmd.exe  /K Z:\\protected\\MALWARE_LOGGER.CMD  Z:\\MALWARE\\001c7e75a9a23e9a5ba8f0f45a596e32"
}
{
    "System.Provider.Name": "Microsoft-Windows-Sysmon",
    "System.Provider.Guid": "{5770385f-c22a-43e0-bf4c-06f5698ffbd9}",
    "System.EventID.Qualifiers": "",
    "System.EventID.text": "1",
    "System.Version": "5",
    "System.Level": "4",
    "System.Task": "1",
    "System.Opcode": "0",
    "System.Keywords": "0x8000000000000000",
    "System.TimeCreated.SystemTime": "2017-10-23 16:49:49.371038",
    "System.EventRecordID": "10871",
    "System.Correlation.ActivityID": "",
    "System.Correlation.RelatedActivityID": "",
    "System.Execution.ProcessID": "1996",
    "System.Execution.ThreadID": "2636",
    "System.Channel": "Microsoft-Windows-Sysmon/Operational",
    "System.Computer": "DESKTOP-GH9KMB7",
    "System.Security.UserID": "S-1-5-18",
    "EventData.Data.UtcTime": "2017-10-23 16:49:49.356",
    "EventData.Data.ProcessGuid": "{fe62ad40-1dad-59ee-0000-0010f3d50800}",
    "EventData.Data.ProcessId": "6124",
    "EventData.Data.Image": "C:\\Windows\\System32\\net1.exe",
    "EventData.Data.CommandLine": "C:\\Windows\\system32\\net1  USER admin *",
    "EventData.Data.CurrentDirectory": "Z:\\protected\\",
    "EventData.Data.User": "DESKTOP-GH9KMB7\\admin",
    "EventData.Data.LogonGuid": "{fe62ad40-1d89-59ee-0000-0020301b0300}",
    "EventData.Data.LogonId": "0x0000000000031b30",
    "EventData.Data.TerminalSessionId": "1",
    "EventData.Data.IntegrityLevel": "High",
    "EventData.Data.Hashes": "MD5=9C911EE188F19891CD6BFFB67D0E3904,SHA256=524061B58841210842F52B7863E51953FCFF343B8C2FF46DFE9C8329BB439D46",
    "EventData.Data.ParentProcessGuid": "{fe62ad40-1dad-59ee-0000-00100fd50800}",
    "EventData.Data.ParentProcessId": "6112",
    "EventData.Data.ParentImage": "C:\\Windows\\System32\\net.exe",
    "EventData.Data.ParentCommandLine": "NET  USER admin *"
}
{
    "System.Provider.Name": "Microsoft-Windows-Sysmon",
    "System.Provider.Guid": "{5770385f-c22a-43e0-bf4c-06f5698ffbd9}",
    "System.EventID.Qualifiers": "",
    "System.EventID.text": "1",
    "System.Version": "5",
    "System.Level": "4",
    "System.Task": "1",
    "System.Opcode": "0",
    "System.Keywords": "0x8000000000000000",
    "System.TimeCreated.SystemTime": "2017-10-23 16:49:49.588909",
    "System.EventRecordID": "10872",
    "System.Correlation.ActivityID": "",
    "System.Correlation.RelatedActivityID": "",
    "System.Execution.ProcessID": "1996",
    "System.Execution.ThreadID": "2636",
    "System.Channel": "Microsoft-Windows-Sysmon/Operational",
    "System.Computer": "DESKTOP-GH9KMB7",
    "System.Security.UserID": "S-1-5-18",
    "EventData.Data.UtcTime": "2017-10-23 16:49:49.569",
    "EventData.Data.ProcessGuid": "{fe62ad40-1dad-59ee-0000-00104cd80800}",
    "EventData.Data.ProcessId": "6140",
    "EventData.Data.Image": "C:\\Windows\\System32\\wevtutil.exe",
    "EventData.Data.CommandLine": "WEVTUTIL  CL Microsoft-Windows-Sysmon/Operational",
    "EventData.Data.CurrentDirectory": "Z:\\protected\\",
    "EventData.Data.User": "DESKTOP-GH9KMB7\\admin",
    "EventData.Data.LogonGuid": "{fe62ad40-1d89-59ee-0000-0020301b0300}",
    "EventData.Data.LogonId": "0x0000000000031b30",
    "EventData.Data.TerminalSessionId": "1",
    "EventData.Data.IntegrityLevel": "High",
    "EventData.Data.Hashes": "MD5=EAFAE23B0E85D03B78D304D52CD984DC,SHA256=C4618DC5B1F77D075B473AE838604ACDDE73787BAAB28370BD3EFA8E6F70DC07",
    "EventData.Data.ParentProcessGuid": "{fe62ad40-1dac-59ee-0000-0010beb30800}",
    "EventData.Data.ParentProcessId": "5896",
    "EventData.Data.ParentImage": "C:\\Windows\\System32\\cmd.exe",
    "EventData.Data.ParentCommandLine": "C:\\Windows\\system32\\cmd.exe  /K Z:\\protected\\MALWARE_LOGGER.CMD  Z:\\MALWARE\\001c7e75a9a23e9a5ba8f0f45a596e32"
}
{
    "System.Provider.Name": "Microsoft-Windows-Sysmon",
    "System.Provider.Guid": "{5770385f-c22a-43e0-bf4c-06f5698ffbd9}",
    "System.EventID.Qualifiers": "",
    "System.EventID.text": "11",
    "System.Version": "2",
    "System.Level": "4",
    "System.Task": "11",
    "System.Opcode": "0",
    "System.Keywords": "0x8000000000000000",
    "System.TimeCreated.SystemTime": "2017-10-23 16:49:49.711088",
    "System.EventRecordID": "10873",
    "System.Correlation.ActivityID": "",
    "System.Correlation.RelatedActivityID": "",
    "System.Execution.ProcessID": "1996",
    "System.Execution.ThreadID": "2636",
    "System.Channel": "Microsoft-Windows-Sysmon/Operational",
    "System.Computer": "DESKTOP-GH9KMB7",
    "System.Security.UserID": "S-1-5-18",
    "EventData.Data.UtcTime": "2017-10-23 16:49:49.696",
    "EventData.Data.ProcessGuid": "{fe62ad40-1dac-59ee-0000-0010beb30800}",
    "EventData.Data.ProcessId": "5896",
    "EventData.Data.Image": "C:\\Windows\\system32\\cmd.exe",
    "EventData.Data.TargetFilename": "C:\\Users\\admin\\AppData\\Local\\Temp\\001c7e75a9a23e9a5ba8f0f45a596e32.EXE",
    "EventData.Data.CreationUtcTime": "2017-10-23 16:49:49.696"
}
{
    "System.Provider.Name": "Microsoft-Windows-Sysmon",
    "System.Provider.Guid": "{5770385f-c22a-43e0-bf4c-06f5698ffbd9}",
    "System.EventID.Qualifiers": "",
    "System.EventID.text": "1",
    "System.Version": "5",
    "System.Level": "4",
    "System.Task": "1",
    "System.Opcode": "0",
    "System.Keywords": "0x8000000000000000",
    "System.TimeCreated.SystemTime": "2017-10-23 16:49:49.723179",
    "System.EventRecordID": "10874",
    "System.Correlation.ActivityID": "",
    "System.Correlation.RelatedActivityID": "",
    "System.Execution.ProcessID": "1996",
    "System.Execution.ThreadID": "2636",
    "System.Channel": "Microsoft-Windows-Sysmon/Operational",
    "System.Computer": "DESKTOP-GH9KMB7",
    "System.Security.UserID": "S-1-5-18",
    "EventData.Data.UtcTime": "2017-10-23 16:49:49.720",
    "EventData.Data.ProcessGuid": "{fe62ad40-1dad-59ee-0000-001057da0800}",
    "EventData.Data.ProcessId": "3952",
    "EventData.Data.Image": "C:\\Windows\\Microsoft.NET\\Framework\\v4.0.30319\\msbuild.exe",
    "EventData.Data.CommandLine": "C:\\Windows\\Microsoft.NET\\Framework\\v4.0.30319\\msbuild.exe  T1127.csproj",
    "EventData.Data.CurrentDirectory": "Z:\\protected\\",
    "EventData.Data.User": "DESKTOP-GH9KMB7\\admin",
    "EventData.Data.LogonGuid": "{fe62ad40-1d89-59ee-0000-0020301b0300}",
    "EventData.Data.LogonId": "0x0000000000031b30",
    "EventData.Data.TerminalSessionId": "1",
    "EventData.Data.IntegrityLevel": "High",
    "EventData.Data.Hashes": "MD5=8FAFBE3C23E2BE4D6A3C063118B9A4F2,SHA256=4C3EA4C44AAB74350355C419826B8C9E6172C3BD8F0BB5817ECF7BE50B629051",
    "EventData.Data.ParentProcessGuid": "{fe62ad40-1dac-59ee-0000-0010beb30800}",
    "EventData.Data.ParentProcessId": "5896",
    "EventData.Data.ParentImage": "C:\\Windows\\System32\\cmd.exe",
    "EventData.Data.ParentCommandLine": "C:\\Windows\\system32\\cmd.exe  /K Z:\\protected\\MALWARE_LOGGER.CMD  Z:\\MALWARE\\001c7e75a9a23e9a5ba8f0f45a596e32"
}
{
    "System.Provider.Name": "Microsoft-Windows-Sysmon",
    "System.Provider.Guid": "{5770385f-c22a-43e0-bf4c-06f5698ffbd9}",
    "System.EventID.Qualifiers": "",
    "System.EventID.text": "1",
    "System.Version": "5",
    "System.Level": "4",
    "System.Task": "1",
    "System.Opcode": "0",
    "System.Keywords": "0x8000000000000000",
    "System.TimeCreated.SystemTime": "2017-10-23 16:49:49.731203",
    "System.EventRecordID": "10875",
    "System.Correlation.ActivityID": "",
    "System.Correlation.RelatedActivityID": "",
    "System.Execution.ProcessID": "1996",
    "System.Execution.ThreadID": "2636",
    "System.Channel": "Microsoft-Windows-Sysmon/Operational",
    "System.Computer": "DESKTOP-GH9KMB7",
    "System.Security.UserID": "S-1-5-18",
    "EventData.Data.UtcTime": "2017-10-23 16:49:49.727",
    "EventData.Data.ProcessGuid": "{fe62ad40-1dad-59ee-0000-0010c6da0800}",
    "EventData.Data.ProcessId": "3916",
    "EventData.Data.Image": "C:\\Windows\\System32\\runas.exe",
    "EventData.Data.CommandLine": "RUNAS  /USER:admin \"C:\\Users\\admin\\AppData\\Local\\Temp\\001c7e75a9a23e9a5ba8f0f45a596e32.EXE\"",
    "EventData.Data.CurrentDirectory": "Z:\\protected\\",
    "EventData.Data.User": "DESKTOP-GH9KMB7\\admin",
    "EventData.Data.LogonGuid": "{fe62ad40-1d89-59ee-0000-0020301b0300}",
    "EventData.Data.LogonId": "0x0000000000031b30",
    "EventData.Data.TerminalSessionId": "1",
    "EventData.Data.IntegrityLevel": "High",
    "EventData.Data.Hashes": "MD5=8FE7844F70527F4B7683CE766C7CB9E4,SHA256=FFAA3419EF66FBC0649C958FAC3E3FFACA229AA70C61D310968A0F5CA4DA522B",
    "EventData.Data.ParentProcessGuid": "{fe62ad40-1dac-59ee-0000-0010beb30800}",
    "EventData.Data.ParentProcessId": "5896",
    "EventData.Data.ParentImage": "C:\\Windows\\System32\\cmd.exe",
    "EventData.Data.ParentCommandLine": "C:\\Windows\\system32\\cmd.exe  /K Z:\\protected\\MALWARE_LOGGER.CMD  Z:\\MALWARE\\001c7e75a9a23e9a5ba8f0f45a596e32"
}
{
    "System.Provider.Name": "Microsoft-Windows-Sysmon",
    "System.Provider.Guid": "{5770385f-c22a-43e0-bf4c-06f5698ffbd9}",
    "System.EventID.Qualifiers": "",
    "System.EventID.text": "23",
    "System.Version": "5",
    "System.Level": "4",
    "System.Task": "1",
    "System.Opcode": "0",
    "System.Keywords": "0x8000000000000000",
    "System.TimeCreated.SystemTime": "2017-10-23 16:49:49.966328",
    "System.EventRecordID": "10876",
    "System.Correlation.ActivityID": "",
    "System.Correlation.RelatedActivityID": "",
    "System.Execution.ProcessID": "1996",
    "System.Execution.ThreadID": "2636",
    "System.Channel": "Microsoft-Windows-Sysmon/Operational",
    "System.Computer": "DESKTOP-GH9KMB7",
    "System.Security.UserID": "S-1-5-18",
    "EventData.Data.UtcTime": "2017-10-23 16:49:49.960",
    "EventData.Data.ProcessGuid": "{fe62ad40-1dad-59ee-0000-001024e90800}",
    "EventData.Data.ProcessId": "2704",
    "EventData.Data.Image": "C:\\Windows\\System32\\vssadmin.exe",
    "EventData.Data.CommandLine": "vssadmin.exe Delete Shadows /All /Quiet",
    "EventData.Data.CurrentDirectory": "C:\\Windows\\system32\\",
    "EventData.Data.User": "DESKTOP-GH9KMB7\\admin",
    "EventData.Data.LogonGuid": "{fe62ad40-1dad-59ee-0000-002062e60800}",
    "EventData.Data.LogonId": "0x000000000008e662",
    "EventData.Data.TerminalSessionId": "1",
    "EventData.Data.IntegrityLevel": "High",
    "EventData.Data.Hashes": "MD5=001C7E75A9A23E9A5BA8F0F45A596E32,SHA256=050B991BD615E74A1DB328FABA8889ADDAE380993DF8FE2E09E24668F466BC96",
    "EventData.Data.ParentProcessGuid": "{fe62ad40-1dad-59ee-0000-0010c6da0800}",
    "EventData.Data.ParentProcessId": "3916",
    "EventData.Data.ParentImage": "C:\\Windows\\System32\\runas.exe",
    "EventData.Data.ParentCommandLine": "RUNAS  /USER:admin \"C:\\Users\\admin\\AppData\\Local\\Temp\\001c7e75a9a23e9a5ba8f0f45a596e32.EXE\""
}
{
    "System.Provider.Name": "Microsoft-Windows-Sysmon",
    "System.Provider.Guid": "{5770385f-c22a-43e0-bf4c-06f5698ffbd9}",
    "System.EventID.Qualifiers": "",
    "System.EventID.text": "1",
    "System.Version": "5",
    "System.Level": "4",
    "System.Task": "1",
    "System.Opcode": "0",
    "System.Keywords": "0x8000000000000000",
    "System.TimeCreated.SystemTime": "2017-10-23 16:49:50.049568",
    "System.EventRecordID": "10877",
    "System.Correlation.ActivityID": "",
    "System.Correlation.RelatedActivityID": "",
    "System.Execution.ProcessID": "1996",
    "System.Execution.ThreadID": "2636",
    "System.Channel": "Microsoft-Windows-Sysmon/Operational",
    "System.Computer": "DESKTOP-GH9KMB7",
    "System.Security.UserID": "S-1-5-18",
    "EventData.Data.UtcTime": "2017-10-23 16:49:50.042",
    "EventData.Data.ProcessGuid": "{fe62ad40-1dae-59ee-0000-001051ec0800}",
    "EventData.Data.ProcessId": "2548",
    "EventData.Data.Image": "C:\\Windows\\System32\\WerFault.exe",
    "EventData.Data.CommandLine": "C:\\Windows\\system32\\WerFault.exe -pss -s 444 -p 2704 -ip 2704",
    "EventData.Data.CurrentDirectory": "C:\\Windows\\system32\\",
    "EventData.Data.User": "NT AUTHORITY\\SYSTEM",
    "EventData.Data.LogonGuid": "{fe62ad40-1d7c-59ee-0000-0020e7030000}",
    "EventData.Data.LogonId": "0x00000000000003e7",
    "EventData.Data.TerminalSessionId": "0",
    "EventData.Data.IntegrityLevel": "System",
    "EventData.Data.Hashes": "MD5=688ED70237668A4AC3DDDC6F9C5FA979,SHA256=98C1D80FFCC985B270DBAE237D737E574C0085FFB1E60519814608BDB770D093",
    "EventData.Data.ParentProcessGuid": "{fe62ad40-1dae-59ee-0000-0010f2ea0800}",
    "EventData.Data.ParentProcessId": "2692",
    "EventData.Data.ParentImage": "C:\\Windows\\System32\\svchost.exe",
    "EventData.Data.ParentCommandLine": "C:\\Windows\\System32\\svchost.exe -k WerSvcGroup"
}
{
    "System.Provider.Name": "Microsoft-Windows-Sysmon",
    "System.Provider.Guid": "{5770385f-c22a-43e0-bf4c-06f5698ffbd9}",
    "System.EventID.Qualifiers": "",
    "System.EventID.text": "1",
    "System.Version": "5",
    "System.Level": "4",
    "System.Task": "1",
    "System.Opcode": "0",
    "System.Keywords": "0x8000000000000000",
    "System.TimeCreated.SystemTime": "2017-10-23 16:49:50.088610",
    "System.EventRecordID": "10878",
    "System.Correlation.ActivityID": "",
    "System.Correlation.RelatedActivityID": "",
    "System.Execution.ProcessID": "1996",
    "System.Execution.ThreadID": "2636",
    "System.Channel": "Microsoft-Windows-Sysmon/Operational",
    "System.Computer": "DESKTOP-GH9KMB7",
    "System.Security.UserID": "S-1-5-18",
    "EventData.Data.UtcTime": "2017-10-23 16:49:50.087",
    "EventData.Data.ProcessGuid": "{fe62ad40-1dae-59ee-0000-0010c0ed0800}",
    "EventData.Data.ProcessId": "4656",
    "EventData.Data.Image": "C:\\Windows\\System32\\PING.EXE",
    "EventData.Data.CommandLine": "PING  -t localhost -n 600",
    "EventData.Data.CurrentDirectory": "Z:\\protected\\",
    "EventData.Data.User": "DESKTOP-GH9KMB7\\admin",
    "EventData.Data.LogonGuid": "{fe62ad40-1d89-59ee-0000-0020301b0300}",
    "EventData.Data.LogonId": "0x0000000000031b30",
    "EventData.Data.TerminalSessionId": "1",
    "EventData.Data.IntegrityLevel": "High",
    "EventData.Data.Hashes": "MD5=44AB2C101160C2C85DEAE761DE892C98,SHA256=C9B49DBF091BC66D6AEE677269C613AEDA0952DDBD113E21A6D9553C3E374D0F",
    "EventData.Data.ParentProcessGuid": "{fe62ad40-1dac-59ee-0000-0010beb30800}",
    "EventData.Data.ParentProcessId": "5896",
    "EventData.Data.ParentImage": "C:\\Windows\\System32\\cmd.exe",
    "EventData.Data.ParentCommandLine": "C:\\Windows\\system32\\cmd.exe  /K Z:\\protected\\MALWARE_LOGGER.CMD  Z:\\MALWARE\\001c7e75a9a23e9a5ba8f0f45a596e32"
}
{
    "System.Provider.Name": "Microsoft-Windows-Sysmon",
    "System.Provider.Guid": "{5770385f-c22a-43e0-bf4c-06f5698ffbd9}",
    "System.EventID.Qualifiers": "",
    "System.EventID.text": "1",
    "System.Version": "5",
    "System.Level": "4",
    "System.Task": "1",
    "System.Opcode": "0",
    "System.Keywords": "0x8000000000000000",
    "System.TimeCreated.SystemTime": "2017-10-23 16:49:50.099014",
    "System.EventRecordID": "10879",
    "System.Correlation.ActivityID": "",
    "System.Correlation.RelatedActivityID": "",
    "System.Execution.ProcessID": "1996",
    "System.Execution.ThreadID": "2636",
    "System.Channel": "Microsoft-Windows-Sysmon/Operational",
    "System.Computer": "DESKTOP-GH9KMB7",
    "System.Security.UserID": "S-1-5-18",
    "EventData.Data.UtcTime": "2017-10-23 16:49:50.097",
    "EventData.Data.ProcessGuid": "{fe62ad40-1dae-59ee-0000-001057ef0800}",
    "EventData.Data.ProcessId": "4616",
    "EventData.Data.Image": "C:\\Windows\\System32\\WerFault.exe",
    "EventData.Data.CommandLine": "C:\\Windows\\system32\\WerFault.exe -u -p 2704 -s 280",
    "EventData.Data.CurrentDirectory": "C:\\Windows\\system32\\",
    "EventData.Data.User": "DESKTOP-GH9KMB7\\admin",
    "EventData.Data.LogonGuid": "{fe62ad40-1dad-59ee-0000-002062e60800}",
    "EventData.Data.LogonId": "0x000000000008e662",
    "EventData.Data.TerminalSessionId": "1",
    "EventData.Data.IntegrityLevel": "High",
    "EventData.Data.Hashes": "MD5=688ED70237668A4AC3DDDC6F9C5FA979,SHA256=98C1D80FFCC985B270DBAE237D737E574C0085FFB1E60519814608BDB770D093",
    "EventData.Data.ParentProcessGuid": "{fe62ad40-1dad-59ee-0000-001024e90800}",
    "EventData.Data.ParentProcessId": "2704",
    "EventData.Data.ParentImage": "C:\\Users\\admin\\AppData\\Local\\Temp\\001c7e75a9a23e9a5ba8f0f45a596e32.EXE",
    "EventData.Data.ParentCommandLine": "C:\\Users\\admin\\AppData\\Local\\Temp\\001c7e75a9a23e9a5ba8f0f45a596e32.EXE"
}
{
    "System.Provider.Name": "Microsoft-Windows-Sysmon",
    "System.Provider.Guid": "{5770385f-c22a-43e0-bf4c-06f5698ffbd9}",
    "System.EventID.Qualifiers": "",
    "System.EventID.text": "5",
    "System.Version": "3",
    "System.Level": "4",
    "System.Task": "5",
    "System.Opcode": "0",
    "System.Keywords": "0x8000000000000000",
    "System.TimeCreated.SystemTime": "2017-10-23 16:49:50.620144",
    "System.EventRecordID": "10880",
    "System.Correlation.ActivityID": "",
    "System.Correlation.RelatedActivityID": "",
    "System.Execution.ProcessID": "1996",
    "System.Execution.ThreadID": "2636",
    "System.Channel": "Microsoft-Windows-Sysmon/Operational",
    "System.Computer": "DESKTOP-GH9KMB7",
    "System.Security.UserID": "S-1-5-18",
    "EventData.Data.UtcTime": "2017-10-23 16:49:50.618",
    "EventData.Data.ProcessGuid": "{fe62ad40-1dad-59ee-0000-001024e90800}",
    "EventData.Data.ProcessId": "2704",
    "EventData.Data.Image": "C:\\Users\\admin\\AppData\\Local\\Temp\\001c7e75a9a23e9a5ba8f0f45a596e32.EXE"
}
{
    "System.Provider.Name": "Microsoft-Windows-Sysmon",
    "System.Provider.Guid": "{5770385f-c22a-43e0-bf4c-06f5698ffbd9}",
    "System.EventID.Qualifiers": "",
    "System.EventID.text": "11",
    "System.Version": "2",
    "System.Level": "4",
    "System.Task": "11",
    "System.Opcode": "0",
    "System.Keywords": "0x8000000000000000",
    "System.TimeCreated.SystemTime": "2017-10-23 16:50:48.699669",
    "System.EventRecordID": "10881",
    "System.Correlation.ActivityID": "",
    "System.Correlation.RelatedActivityID": "",
    "System.Execution.ProcessID": "1996",
    "System.Execution.ThreadID": "2636",
    "System.Channel": "Microsoft-Windows-Sysmon/Operational",
    "System.Computer": "DESKTOP-GH9KMB7",
    "System.Security.UserID": "S-1-5-18",
    "EventData.Data.UtcTime": "2017-10-23 16:50:48.695",
    "EventData.Data.ProcessGuid": "{fe62ad40-1d7e-59ee-0000-00105d130100}",
    "EventData.Data.ProcessId": "1184",
    "EventData.Data.Image": "C:\\Windows\\System32\\WindowsPowerShell\\v1.0\\powershell.exe",
    "EventData.Data.TargetFilename": "C:\\temp.zip",
    "EventData.Data.CreationUtcTime": "2017-10-19 18:44:59.471"
}
{
    "System.Provider.Name": "Microsoft-Windows-Sysmon",
    "System.Provider.Guid": "{5770385f-c22a-43e0-bf4c-06f5698ffbd9}",
    "System.EventID.Qualifiers": "",
    "System.EventID.text": "1",
    "System.Version": "5",
    "System.Level": "4",
    "System.Task": "1",
    "System.Opcode": "0",
    "System.Keywords": "0x8000000000000000",
    "System.TimeCreated.SystemTime": "2017-10-23 16:50:53.055246",
    "System.EventRecordID": "10882",
    "System.Correlation.ActivityID": "",
    "System.Correlation.RelatedActivityID": "",
    "System.Execution.ProcessID": "1996",
    "System.Execution.ThreadID": "2636",
    "System.Channel": "Microsoft-Windows-Sysmon/Operational",
    "System.Computer": "DESKTOP-GH9KMB7",
    "System.Security.UserID": "S-1-5-18",
    "EventData.Data.UtcTime": "2017-10-23 16:50:53.050",
    "EventData.Data.ProcessGuid": "{fe62ad40-1ded-59ee-0000-0010f02c0900}",
    "EventData.Data.ProcessId": "5008",
    "EventData.Data.Image": "C:\\Program Files\\Google\\Update\\GoogleUpdate.exe",
    "EventData.Data.CommandLine": "\"C:\\Program Files\\Google\\Update\\GoogleUpdate.exe\" /svc",
    "EventData.Data.CurrentDirectory": "C:\\Windows\\system32\\",
    "EventData.Data.User": "NT AUTHORITY\\SYSTEM",
    "EventData.Data.LogonGuid": "{fe62ad40-1d7c-59ee-0000-0020e7030000}",
    "EventData.Data.LogonId": "0x00000000000003e7",
    "EventData.Data.TerminalSessionId": "0",
    "EventData.Data.IntegrityLevel": "System",
    "EventData.Data.Hashes": "MD5=0545A3EB959CFA4790D267BFB8C1ACA4,SHA256=69061E33ACB7587D773D05000390F9101F71DFD6EED7973B551594EAF3F04193",
    "EventData.Data.ParentProcessGuid": "{fe62ad40-1d7c-59ee-0000-0010918b0000}",
    "EventData.Data.ParentProcessId": "812",
    "EventData.Data.ParentImage": "C:\\Windows\\System32\\services.exe",
    "EventData.Data.ParentCommandLine": "C:\\Windows\\system32\\services.exe"
}
{
    "System.Provider.Name": "Microsoft-Windows-Sysmon",
    "System.Provider.Guid": "{5770385f-c22a-43e0-bf4c-06f5698ffbd9}",
    "System.EventID.Qualifiers": "",
    "System.EventID.text": "1",
    "System.Version": "5",
    "System.Level": "4",
    "System.Task": "1",
    "System.Opcode": "0",
    "System.Keywords": "0x8000000000000000",
    "System.TimeCreated.SystemTime": "2017-10-23 16:51:06.203152",
    "System.EventRecordID": "10883",
    "System.Correlation.ActivityID": "",
    "System.Correlation.RelatedActivityID": "",
    "System.Execution.ProcessID": "1996",
    "System.Execution.ThreadID": "2636",
    "System.Channel": "Microsoft-Windows-Sysmon/Operational",
    "System.Computer": "DESKTOP-GH9KMB7",
    "System.Security.UserID": "S-1-5-18",
    "EventData.Data.UtcTime": "2017-10-23 16:51:06.199",
    "EventData.Data.ProcessGuid": "{fe62ad40-1dfa-59ee-0000-00102a3f0900}",
    "EventData.Data.ProcessId": "5476",
    "EventData.Data.Image": "C:\\Windows\\System32\\svchost.exe",
    "EventData.Data.CommandLine": "C:\\Windows\\System32\\svchost.exe -k NetworkService -p",
    "EventData.Data.CurrentDirectory": "C:\\Windows\\system32\\",
    "EventData.Data.User": "NT AUTHORITY\\NETWORK SERVICE",
    "EventData.Data.LogonGuid": "{fe62ad40-1d7d-59ee-0000-0020e4030000}",
    "EventData.Data.LogonId": "0x00000000000003e4",
    "EventData.Data.TerminalSessionId": "0",
    "EventData.Data.IntegrityLevel": "System",
    "EventData.Data.Hashes": "MD5=15556928CB0E9F74F4036411D8CC111E,SHA256=1030CE4102DAC701FAB043E40444E8F6C96C8C04B5BD512A59E1A4999D22B38C",
    "EventData.Data.ParentProcessGuid": "{fe62ad40-1d7c-59ee-0000-0010918b0000}",
    "EventData.Data.ParentProcessId": "812",
    "EventData.Data.ParentImage": "C:\\Windows\\System32\\services.exe",
    "EventData.Data.ParentCommandLine": "C:\\Windows\\system32\\services.exe"
}
{
    "System.Provider.Name": "Microsoft-Windows-Sysmon",
    "System.Provider.Guid": "{5770385f-c22a-43e0-bf4c-06f5698ffbd9}",
    "System.EventID.Qualifiers": "",
    "System.EventID.text": "1",
    "System.Version": "5",
    "System.Level": "4",
    "System.Task": "1",
    "System.Opcode": "0",
    "System.Keywords": "0x8000000000000000",
    "System.TimeCreated.SystemTime": "2017-10-23 16:52:04.884903",
    "System.EventRecordID": "10884",
    "System.Correlation.ActivityID": "",
    "System.Correlation.RelatedActivityID": "",
    "System.Execution.ProcessID": "1996",
    "System.Execution.ThreadID": "2636",
    "System.Channel": "Microsoft-Windows-Sysmon/Operational",
    "System.Computer": "DESKTOP-GH9KMB7",
    "System.Security.UserID": "S-1-5-18",
    "EventData.Data.UtcTime": "2017-10-23 16:52:04.872",
    "EventData.Data.ProcessGuid": "{fe62ad40-1e34-59ee-0000-0010e0c20900}",
    "EventData.Data.ProcessId": "3436",
    "EventData.Data.Image": "C:\\Windows\\System32\\wsqmcons.exe",
    "EventData.Data.CommandLine": "C:\\Windows\\System32\\wsqmcons.exe",
    "EventData.Data.CurrentDirectory": "C:\\Windows\\system32\\",
    "EventData.Data.User": "NT AUTHORITY\\SYSTEM",
    "EventData.Data.LogonGuid": "{fe62ad40-1d7c-59ee-0000-0020e7030000}",
    "EventData.Data.LogonId": "0x00000000000003e7",
    "EventData.Data.TerminalSessionId": "0",
    "EventData.Data.IntegrityLevel": "System",
    "EventData.Data.Hashes": "MD5=19EA2AA4FC1A4D6977E6A345105D995F,SHA256=028186580A3DE978C19637CC062C3750F70341ACFC73118AC361C1CD5CB6B22C",
    "EventData.Data.ParentProcessGuid": "{fe62ad40-1d7e-59ee-0000-0010f2220100}",
    "EventData.Data.ParentProcessId": "1296",
    "EventData.Data.ParentImage": "C:\\Windows\\System32\\svchost.exe",
    "EventData.Data.ParentCommandLine": "C:\\Windows\\system32\\svchost.exe -k netsvcs -p"
}
{
    "System.Provider.Name": "Microsoft-Windows-Sysmon",
    "System.Provider.Guid": "{5770385f-c22a-43e0-bf4c-06f5698ffbd9}",
    "System.EventID.Qualifiers": "",
    "System.EventID.text": "1",
    "System.Version": "5",
    "System.Level": "4",
    "System.Task": "1",
    "System.Opcode": "0",
    "System.Keywords": "0x8000000000000000",
    "System.TimeCreated.SystemTime": "2017-10-23 16:52:04.913059",
    "System.EventRecordID": "10885",
    "System.Correlation.ActivityID": "",
    "System.Correlation.RelatedActivityID": "",
    "System.Execution.ProcessID": "1996",
    "System.Execution.ThreadID": "2636",
    "System.Channel": "Microsoft-Windows-Sysmon/Operational",
    "System.Computer": "DESKTOP-GH9KMB7",
    "System.Security.UserID": "S-1-5-18",
    "EventData.Data.UtcTime": "2017-10-23 16:52:04.876",
    "EventData.Data.ProcessGuid": "{fe62ad40-1e34-59ee-0000-00102cc30900}",
    "EventData.Data.ProcessId": "2732",
    "EventData.Data.Image": "C:\\Program Files\\Google\\Update\\GoogleUpdate.exe",
    "EventData.Data.CommandLine": "\"C:\\Program Files\\Google\\Update\\GoogleUpdate.exe\" /ua /installsource scheduler",
    "EventData.Data.CurrentDirectory": "C:\\Windows\\system32\\",
    "EventData.Data.User": "NT AUTHORITY\\SYSTEM",
    "EventData.Data.LogonGuid": "{fe62ad40-1d7c-59ee-0000-0020e7030000}",
    "EventData.Data.LogonId": "0x00000000000003e7",
    "EventData.Data.TerminalSessionId": "0",
    "EventData.Data.IntegrityLevel": "System",
    "EventData.Data.Hashes": "MD5=0545A3EB959CFA4790D267BFB8C1ACA4,SHA256=69061E33ACB7587D773D05000390F9101F71DFD6EED7973B551594EAF3F04193",
    "EventData.Data.ParentProcessGuid": "{fe62ad40-1d7e-59ee-0000-0010f2220100}",
    "EventData.Data.ParentProcessId": "1296",
    "EventData.Data.ParentImage": "C:\\Windows\\System32\\svchost.exe",
    "EventData.Data.ParentCommandLine": "C:\\Windows\\system32\\svchost.exe -k netsvcs -p"
}
{
    "System.Provider.Name": "Microsoft-Windows-Sysmon",
    "System.Provider.Guid": "{5770385f-c22a-43e0-bf4c-06f5698ffbd9}",
    "System.EventID.Qualifiers": "",
    "System.EventID.text": "1",
    "System.Version": "5",
    "System.Level": "4",
    "System.Task": "1",
    "System.Opcode": "0",
    "System.Keywords": "0x8000000000000000",
    "System.TimeCreated.SystemTime": "2017-10-23 16:52:04.915947",
    "System.EventRecordID": "10886",
    "System.Correlation.ActivityID": "",
    "System.Correlation.RelatedActivityID": "",
    "System.Execution.ProcessID": "1996",
    "System.Execution.ThreadID": "2636",
    "System.Channel": "Microsoft-Windows-Sysmon/Operational",
    "System.Computer": "DESKTOP-GH9KMB7",
    "System.Security.UserID": "S-1-5-18",
    "EventData.Data.UtcTime": "2017-10-23 16:52:04.874",
    "EventData.Data.ProcessGuid": "{fe62ad40-1e34-59ee-0000-0010f7c20900}",
    "EventData.Data.ProcessId": "2728",
    "EventData.Data.Image": "C:\\Program Files\\Common Files\\Adobe\\ARM\\1.0\\AdobeARM.exe",
    "EventData.Data.CommandLine": "\"C:\\Program Files\\Common Files\\Adobe\\ARM\\1.0\\AdobeARM.exe\"",
    "EventData.Data.CurrentDirectory": "C:\\Windows\\system32\\",
    "EventData.Data.User": "DESKTOP-GH9KMB7\\admin",
    "EventData.Data.LogonGuid": "{fe62ad40-1d89-59ee-0000-0020301b0300}",
    "EventData.Data.LogonId": "0x0000000000031b30",
    "EventData.Data.TerminalSessionId": "1",
    "EventData.Data.IntegrityLevel": "High",
    "EventData.Data.Hashes": "MD5=F2FF574F6F2211D9AAAE5E82A3AD553F,SHA256=392CDC901BE6CC617E9F5C720EB0C3244F3082D63AC6CAE8BEDB029BC7069D69",
    "EventData.Data.ParentProcessGuid": "{fe62ad40-1d7e-59ee-0000-0010f2220100}",
    "EventData.Data.ParentProcessId": "1296",
    "EventData.Data.ParentImage": "C:\\Windows\\System32\\svchost.exe",
    "EventData.Data.ParentCommandLine": "C:\\Windows\\system32\\svchost.exe -k netsvcs -p"
}
{
    "System.Provider.Name": "Microsoft-Windows-Sysmon",
    "System.Provider.Guid": "{5770385f-c22a-43e0-bf4c-06f5698ffbd9}",
    "System.EventID.Qualifiers": "",
    "System.EventID.text": "1",
    "System.Version": "5",
    "System.Level": "4",
    "System.Task": "1",
    "System.Opcode": "0",
    "System.Keywords": "0x8000000000000000",
    "System.TimeCreated.SystemTime": "2017-10-23 16:52:04.918312",
    "System.EventRecordID": "10887",
    "System.Correlation.ActivityID": "",
    "System.Correlation.RelatedActivityID": "",
    "System.Execution.ProcessID": "1996",
    "System.Execution.ThreadID": "2636",
    "System.Channel": "Microsoft-Windows-Sysmon/Operational",
    "System.Computer": "DESKTOP-GH9KMB7",
    "System.Security.UserID": "S-1-5-18",
    "EventData.Data.UtcTime": "2017-10-23 16:52:04.904",
    "EventData.Data.ProcessGuid": "{fe62ad40-1e34-59ee-0000-0010f6c30900}",
    "EventData.Data.ProcessId": "4496",
    "EventData.Data.Image": "C:\\Windows\\System32\\SIHClient.exe",
    "EventData.Data.CommandLine": "C:\\Windows\\System32\\sihclient.exe",
    "EventData.Data.CurrentDirectory": "C:\\Windows\\system32\\",
    "EventData.Data.User": "NT AUTHORITY\\SYSTEM",
    "EventData.Data.LogonGuid": "{fe62ad40-1d7c-59ee-0000-0020e7030000}",
    "EventData.Data.LogonId": "0x00000000000003e7",
    "EventData.Data.TerminalSessionId": "0",
    "EventData.Data.IntegrityLevel": "System",
    "EventData.Data.Hashes": "MD5=71549972C127517789BAFD0D0CF48A8C,SHA256=281F8BEA0A44312557C6CBE8C0974FB60C231DBA8A91D4646FA88B58D3890C7C",
    "EventData.Data.ParentProcessGuid": "{fe62ad40-1d7e-59ee-0000-0010f2220100}",
    "EventData.Data.ParentProcessId": "1296",
    "EventData.Data.ParentImage": "C:\\Windows\\System32\\svchost.exe",
    "EventData.Data.ParentCommandLine": "C:\\Windows\\system32\\svchost.exe -k netsvcs -p"
}
{
    "System.Provider.Name": "Microsoft-Windows-Sysmon",
    "System.Provider.Guid": "{5770385f-c22a-43e0-bf4c-06f5698ffbd9}",
    "System.EventID.Qualifiers": "",
    "System.EventID.text": "1",
    "System.Version": "5",
    "System.Level": "4",
    "System.Task": "1",
    "System.Opcode": "0",
    "System.Keywords": "0x8000000000000000",
    "System.TimeCreated.SystemTime": "2017-10-23 16:52:05.229815",
    "System.EventRecordID": "10888",
    "System.Correlation.ActivityID": "",
    "System.Correlation.RelatedActivityID": "",
    "System.Execution.ProcessID": "1996",
    "System.Execution.ThreadID": "2636",
    "System.Channel": "Microsoft-Windows-Sysmon/Operational",
    "System.Computer": "DESKTOP-GH9KMB7",
    "System.Security.UserID": "S-1-5-18",
    "EventData.Data.UtcTime": "2017-10-23 16:52:05.218",
    "EventData.Data.ProcessGuid": "{fe62ad40-1e35-59ee-0000-0010a9d90900}",
    "EventData.Data.ProcessId": "4976",
    "EventData.Data.Image": "C:\\Program Files\\Adobe\\Acrobat Reader DC\\Reader\\reader_sl.exe",
    "EventData.Data.CommandLine": "\"C:\\Program Files\\Adobe\\Acrobat Reader DC\\Reader\\Reader_sl.exe\"",
    "EventData.Data.CurrentDirectory": "C:\\Windows\\system32\\",
    "EventData.Data.User": "DESKTOP-GH9KMB7\\admin",
    "EventData.Data.LogonGuid": "{fe62ad40-1d89-59ee-0000-0020301b0300}",
    "EventData.Data.LogonId": "0x0000000000031b30",
    "EventData.Data.TerminalSessionId": "1",
    "EventData.Data.IntegrityLevel": "High",
    "EventData.Data.Hashes": "MD5=D0B23D1F0D1D730493CF89BE5DCBBB4E,SHA256=A8F964BB1623295131320F9A0A3817C5EA9318485C849AC5DCBF0255C9263DEA",
    "EventData.Data.ParentProcessGuid": "{fe62ad40-1e34-59ee-0000-0010f7c20900}",
    "EventData.Data.ParentProcessId": "2728",
    "EventData.Data.ParentImage": "C:\\Program Files\\Common Files\\Adobe\\ARM\\1.0\\AdobeARM.exe",
    "EventData.Data.ParentCommandLine": "\"C:\\Program Files\\Common Files\\Adobe\\ARM\\1.0\\AdobeARM.exe\""
}
{
    "System.Provider.Name": "Microsoft-Windows-Sysmon",
    "System.Provider.Guid": "{5770385f-c22a-43e0-bf4c-06f5698ffbd9}",
    "System.EventID.Qualifiers": "",
    "System.EventID.text": "1",
    "System.Version": "5",
    "System.Level": "4",
    "System.Task": "1",
    "System.Opcode": "0",
    "System.Keywords": "0x8000000000000000",
    "System.TimeCreated.SystemTime": "2017-10-23 16:52:46.361252",
    "System.EventRecordID": "10889",
    "System.Correlation.ActivityID": "",
    "System.Correlation.RelatedActivityID": "",
    "System.Execution.ProcessID": "1996",
    "System.Execution.ThreadID": "2636",
    "System.Channel": "Microsoft-Windows-Sysmon/Operational",
    "System.Computer": "DESKTOP-GH9KMB7",
    "System.Security.UserID": "S-1-5-18",
    "EventData.Data.UtcTime": "2017-10-23 16:52:46.341",
    "EventData.Data.ProcessGuid": "{fe62ad40-1e5e-59ee-0000-001046f10900}",
    "EventData.Data.ProcessId": "1540",
    "EventData.Data.Image": "C:\\Program Files\\Google\\Update\\GoogleUpdate.exe",
    "EventData.Data.CommandLine": "\"C:\\Program Files\\Google\\Update\\GoogleUpdate.exe\" /svc",
    "EventData.Data.CurrentDirectory": "C:\\Windows\\system32\\",
    "EventData.Data.User": "NT AUTHORITY\\SYSTEM",
    "EventData.Data.LogonGuid": "{fe62ad40-1d7c-59ee-0000-0020e7030000}",
    "EventData.Data.LogonId": "0x00000000000003e7",
    "EventData.Data.TerminalSessionId": "0",
    "EventData.Data.IntegrityLevel": "System",
    "EventData.Data.Hashes": "MD5=0545A3EB959CFA4790D267BFB8C1ACA4,SHA256=69061E33ACB7587D773D05000390F9101F71DFD6EED7973B551594EAF3F04193",
    "EventData.Data.ParentProcessGuid": "{fe62ad40-1d7c-59ee-0000-0010918b0000}",
    "EventData.Data.ParentProcessId": "812",
    "EventData.Data.ParentImage": "C:\\Windows\\System32\\services.exe",
    "EventData.Data.ParentCommandLine": "C:\\Windows\\system32\\services.exe"
}
{
    "System.Provider.Name": "Microsoft-Windows-Sysmon",
    "System.Provider.Guid": "{5770385f-c22a-43e0-bf4c-06f5698ffbd9}",
    "System.EventID.Qualifiers": "",
    "System.EventID.text": "1",
    "System.Version": "5",
    "System.Level": "4",
    "System.Task": "1",
    "System.Opcode": "0",
    "System.Keywords": "0x8000000000000000",
    "System.TimeCreated.SystemTime": "2017-10-23 16:53:05.752542",
    "System.EventRecordID": "10890",
    "System.Correlation.ActivityID": "",
    "System.Correlation.RelatedActivityID": "",
    "System.Execution.ProcessID": "1996",
    "System.Execution.ThreadID": "2636",
    "System.Channel": "Microsoft-Windows-Sysmon/Operational",
    "System.Computer": "DESKTOP-GH9KMB7",
    "System.Security.UserID": "S-1-5-18",
    "EventData.Data.UtcTime": "2017-10-23 16:53:05.748",
    "EventData.Data.ProcessGuid": "{fe62ad40-1e71-59ee-0000-001023050a00}",
    "EventData.Data.ProcessId": "3776",
    "EventData.Data.Image": "C:\\Windows\\System32\\wbem\\WMIADAP.exe",
    "EventData.Data.CommandLine": "wmiadap.exe /F /T /R",
    "EventData.Data.CurrentDirectory": "C:\\Windows\\system32\\",
    "EventData.Data.User": "NT AUTHORITY\\SYSTEM",
    "EventData.Data.LogonGuid": "{fe62ad40-1d7c-59ee-0000-0020e7030000}",
    "EventData.Data.LogonId": "0x00000000000003e7",
    "EventData.Data.TerminalSessionId": "0",
    "EventData.Data.IntegrityLevel": "System",
    "EventData.Data.Hashes": "MD5=F2B8F81492DFDE01DEF40E57927ABD25,SHA256=7DEAACF1B7031400AAE903B4976E898DAA1CF3B7B619A7BCB05B83A7D0FCEC06",
    "EventData.Data.ParentProcessGuid": "{fe62ad40-1d7e-59ee-0000-0010f2220100}",
    "EventData.Data.ParentProcessId": "1296",
    "EventData.Data.ParentImage": "C:\\Windows\\System32\\svchost.exe",
    "EventData.Data.ParentCommandLine": "C:\\Windows\\system32\\svchost.exe -k netsvcs -p"
}
{
    "System.Provider.Name": "Microsoft-Windows-Sysmon",
    "System.Provider.Guid": "{5770385f-c22a-43e0-bf4c-06f5698ffbd9}",
    "System.EventID.Qualifiers": "",
    "System.EventID.text": "1",
    "System.Version": "5",
    "System.Level": "4",
    "System.Task": "1",
    "System.Opcode": "0",
    "System.Keywords": "0x8000000000000000",
    "System.TimeCreated.SystemTime": "2017-10-23 16:53:07.491655",
    "System.EventRecordID": "10891",
    "System.Correlation.ActivityID": "",
    "System.Correlation.RelatedActivityID": "",
    "System.Execution.ProcessID": "1996",
    "System.Execution.ThreadID": "2636",
    "System.Channel": "Microsoft-Windows-Sysmon/Operational",
    "System.Computer": "DESKTOP-GH9KMB7",
    "System.Security.UserID": "S-1-5-18",
    "EventData.Data.UtcTime": "2017-10-23 16:53:07.488",
    "EventData.Data.ProcessGuid": "{fe62ad40-1e73-59ee-0000-00102a170a00}",
    "EventData.Data.ProcessId": "5872",
    "EventData.Data.Image": "C:\\Windows\\System32\\RuntimeBroker.exe",
    "EventData.Data.CommandLine": "C:\\Windows\\System32\\RuntimeBroker.exe -Embedding",
    "EventData.Data.CurrentDirectory": "C:\\Windows\\system32\\",
    "EventData.Data.User": "DESKTOP-GH9KMB7\\admin",
    "EventData.Data.LogonGuid": "{fe62ad40-1d89-59ee-0000-0020301b0300}",
    "EventData.Data.LogonId": "0x0000000000031b30",
    "EventData.Data.TerminalSessionId": "1",
    "EventData.Data.IntegrityLevel": "High",
    "EventData.Data.Hashes": "MD5=EE6C021CE9DF96EB64C1202927B99E8C,SHA256=0C3152B1B962478CFED60C526785A119172D2DB488EE753D8A6A9AAE6184DAA6",
    "EventData.Data.ParentProcessGuid": "{fe62ad40-1d7d-59ee-0000-0010b69d0000}",
    "EventData.Data.ParentProcessId": "936",
    "EventData.Data.ParentImage": "C:\\Windows\\System32\\svchost.exe",
    "EventData.Data.ParentCommandLine": "C:\\Windows\\system32\\svchost.exe -k DcomLaunch -p"
}
{
    "System.Provider.Name": "Microsoft-Windows-Sysmon",
    "System.Provider.Guid": "{5770385f-c22a-43e0-bf4c-06f5698ffbd9}",
    "System.EventID.Qualifiers": "",
    "System.EventID.text": "1",
    "System.Version": "5",
    "System.Level": "4",
    "System.Task": "1",
    "System.Opcode": "0",
    "System.Keywords": "0x8000000000000000",
    "System.TimeCreated.SystemTime": "2017-10-23 16:54:14.843594",
    "System.EventRecordID": "10892",
    "System.Correlation.ActivityID": "",
    "System.Correlation.RelatedActivityID": "",
    "System.Execution.ProcessID": "1996",
    "System.Execution.ThreadID": "2636",
    "System.Channel": "Microsoft-Windows-Sysmon/Operational",
    "System.Computer": "DESKTOP-GH9KMB7",
    "System.Security.UserID": "S-1-5-18",
    "EventData.Data.UtcTime": "2017-10-23 16:54:14.839",
    "EventData.Data.ProcessGuid": "{fe62ad40-1eb6-59ee-0000-00106e7b0a00}",
    "EventData.Data.ProcessId": "5456",
    "EventData.Data.Image": "C:\\Windows\\System32\\taskhostw.exe",
    "EventData.Data.CommandLine": "taskhostw.exe Logon",
    "EventData.Data.CurrentDirectory": "C:\\Windows\\system32\\",
    "EventData.Data.User": "DESKTOP-GH9KMB7\\admin",
    "EventData.Data.LogonGuid": "{fe62ad40-1d89-59ee-0000-0020301b0300}",
    "EventData.Data.LogonId": "0x0000000000031b30",
    "EventData.Data.TerminalSessionId": "1",
    "EventData.Data.IntegrityLevel": "High",
    "EventData.Data.Hashes": "MD5=8BE99F1A9B787853F9B97AE6F8BD7B91,SHA256=8DDAD6B0FABE792B419E42103864F96119C078897D803B8EB4BE0DA44FD6F16E",
    "EventData.Data.ParentProcessGuid": "{fe62ad40-1d7e-59ee-0000-0010f2220100}",
    "EventData.Data.ParentProcessId": "1296",
    "EventData.Data.ParentImage": "C:\\Windows\\System32\\svchost.exe",
    "EventData.Data.ParentCommandLine": "C:\\Windows\\system32\\svchost.exe -k netsvcs -p"
}
{
    "System.Provider.Name": "Microsoft-Windows-Sysmon",
    "System.Provider.Guid": "{5770385f-c22a-43e0-bf4c-06f5698ffbd9}",
    "System.EventID.Qualifiers": "",
    "System.EventID.text": "1",
    "System.Version": "5",
    "System.Level": "4",
    "System.Task": "1",
    "System.Opcode": "0",
    "System.Keywords": "0x8000000000000000",
    "System.TimeCreated.SystemTime": "2017-10-23 16:57:32.318785",
    "System.EventRecordID": "10893",
    "System.Correlation.ActivityID": "",
    "System.Correlation.RelatedActivityID": "",
    "System.Execution.ProcessID": "1996",
    "System.Execution.ThreadID": "2636",
    "System.Channel": "Microsoft-Windows-Sysmon/Operational",
    "System.Computer": "DESKTOP-GH9KMB7",
    "System.Security.UserID": "S-1-5-18",
    "EventData.Data.UtcTime": "2017-10-23 16:57:32.315",
    "EventData.Data.ProcessGuid": "{fe62ad40-1f7c-59ee-0000-00100bd40a00}",
    "EventData.Data.ProcessId": "4676",
    "EventData.Data.Image": "C:\\Program Files\\Google\\Update\\GoogleUpdate.exe",
    "EventData.Data.CommandLine": "\"C:\\Program Files\\Google\\Update\\GoogleUpdate.exe\" /ua /installsource core",
    "EventData.Data.CurrentDirectory": "C:\\Program Files\\Google\\Update\\1.3.33.5\\",
    "EventData.Data.User": "NT AUTHORITY\\SYSTEM",
    "EventData.Data.LogonGuid": "{fe62ad40-1d7c-59ee-0000-0020e7030000}",
    "EventData.Data.LogonId": "0x00000000000003e7",
    "EventData.Data.TerminalSessionId": "0",
    "EventData.Data.IntegrityLevel": "System",
    "EventData.Data.Hashes": "MD5=0545A3EB959CFA4790D267BFB8C1ACA4,SHA256=69061E33ACB7587D773D05000390F9101F71DFD6EED7973B551594EAF3F04193",
    "EventData.Data.ParentProcessGuid": "{fe62ad40-1d8a-59ee-0000-00105f420300}",
    "EventData.Data.ParentProcessId": "3032",
    "EventData.Data.ParentImage": "C:\\Program Files\\Google\\Update\\GoogleUpdate.exe",
    "EventData.Data.ParentCommandLine": "\"C:\\Program Files\\Google\\Update\\GoogleUpdate.exe\" /c"
}
{
    "System.Provider.Name": "Microsoft-Windows-Sysmon",
    "System.Provider.Guid": "{5770385f-c22a-43e0-bf4c-06f5698ffbd9}",
    "System.EventID.Qualifiers": "",
    "System.EventID.text": "1",
    "System.Version": "5",
    "System.Level": "4",
    "System.Task": "1",
    "System.Opcode": "0",
    "System.Keywords": "0x8000000000000000",
    "System.TimeCreated.SystemTime": "2017-10-23 16:58:30.976522",
    "System.EventRecordID": "10894",
    "System.Correlation.ActivityID": "",
    "System.Correlation.RelatedActivityID": "",
    "System.Execution.ProcessID": "1996",
    "System.Execution.ThreadID": "2636",
    "System.Channel": "Microsoft-Windows-Sysmon/Operational",
    "System.Computer": "DESKTOP-GH9KMB7",
    "System.Security.UserID": "S-1-5-18",
    "EventData.Data.UtcTime": "2017-10-23 16:58:30.972",
    "EventData.Data.ProcessGuid": "{fe62ad40-1fb6-59ee-0000-0010a5f50a00}",
    "EventData.Data.ProcessId": "5244",
    "EventData.Data.Image": "C:\\Program Files\\Google\\Update\\GoogleUpdate.exe",
    "EventData.Data.CommandLine": "\"C:\\Program Files\\Google\\Update\\GoogleUpdate.exe\" /svc",
    "EventData.Data.CurrentDirectory": "C:\\Windows\\system32\\",
    "EventData.Data.User": "NT AUTHORITY\\SYSTEM",
    "EventData.Data.LogonGuid": "{fe62ad40-1d7c-59ee-0000-0020e7030000}",
    "EventData.Data.LogonId": "0x00000000000003e7",
    "EventData.Data.TerminalSessionId": "0",
    "EventData.Data.IntegrityLevel": "System",
    "EventData.Data.Hashes": "MD5=0545A3EB959CFA4790D267BFB8C1ACA4,SHA256=69061E33ACB7587D773D05000390F9101F71DFD6EED7973B551594EAF3F04193",
    "EventData.Data.ParentProcessGuid": "{fe62ad40-1d7c-59ee-0000-0010918b0000}",
    "EventData.Data.ParentProcessId": "812",
    "EventData.Data.ParentImage": "C:\\Windows\\System32\\services.exe",
    "EventData.Data.ParentCommandLine": "C:\\Windows\\system32\\services.exe"
}
{
    "System.Provider.Name": "Microsoft-Windows-Sysmon",
    "System.Provider.Guid": "{5770385f-c22a-43e0-bf4c-06f5698ffbd9}",
    "System.EventID.Qualifiers": "",
    "System.EventID.text": "1",
    "System.Version": "5",
    "System.Level": "4",
    "System.Task": "1",
    "System.Opcode": "0",
    "System.Keywords": "0x8000000000000000",
    "System.TimeCreated.SystemTime": "2017-10-23 16:59:07.000498",
    "System.EventRecordID": "10895",
    "System.Correlation.ActivityID": "",
    "System.Correlation.RelatedActivityID": "",
    "System.Execution.ProcessID": "1996",
    "System.Execution.ThreadID": "2636",
    "System.Channel": "Microsoft-Windows-Sysmon/Operational",
    "System.Computer": "DESKTOP-GH9KMB7",
    "System.Security.UserID": "S-1-5-18",
    "EventData.Data.UtcTime": "2017-10-23 16:59:06.863",
    "EventData.Data.ProcessGuid": "{fe62ad40-1fda-59ee-0000-0010187e0b00}",
    "EventData.Data.ProcessId": "5764",
    "EventData.Data.Image": "C:\\Windows\\System32\\svchost.exe",
    "EventData.Data.CommandLine": "C:\\Windows\\system32\\svchost.exe -k wsappx -p",
    "EventData.Data.CurrentDirectory": "C:\\Windows\\system32\\",
    "EventData.Data.User": "NT AUTHORITY\\SYSTEM",
    "EventData.Data.LogonGuid": "{fe62ad40-1d7c-59ee-0000-0020e7030000}",
    "EventData.Data.LogonId": "0x00000000000003e7",
    "EventData.Data.TerminalSessionId": "0",
    "EventData.Data.IntegrityLevel": "System",
    "EventData.Data.Hashes": "MD5=15556928CB0E9F74F4036411D8CC111E,SHA256=1030CE4102DAC701FAB043E40444E8F6C96C8C04B5BD512A59E1A4999D22B38C",
    "EventData.Data.ParentProcessGuid": "{fe62ad40-1d7c-59ee-0000-0010918b0000}",
    "EventData.Data.ParentProcessId": "812",
    "EventData.Data.ParentImage": "C:\\Windows\\System32\\services.exe",
    "EventData.Data.ParentCommandLine": "C:\\Windows\\system32\\services.exe"
}
{
    "System.Provider.Name": "Microsoft-Windows-Sysmon",
    "System.Provider.Guid": "{5770385f-c22a-43e0-bf4c-06f5698ffbd9}",
    "System.EventID.Qualifiers": "",
    "System.EventID.text": "1",
    "System.Version": "5",
    "System.Level": "4",
    "System.Task": "1",
    "System.Opcode": "0",
    "System.Keywords": "0x8000000000000000",
    "System.TimeCreated.SystemTime": "2017-10-23 16:59:21.540623",
    "System.EventRecordID": "10896",
    "System.Correlation.ActivityID": "",
    "System.Correlation.RelatedActivityID": "",
    "System.Execution.ProcessID": "1996",
    "System.Execution.ThreadID": "2636",
    "System.Channel": "Microsoft-Windows-Sysmon/Operational",
    "System.Computer": "DESKTOP-GH9KMB7",
    "System.Security.UserID": "S-1-5-18",
    "EventData.Data.UtcTime": "2017-10-23 16:59:21.531",
    "EventData.Data.ProcessGuid": "{fe62ad40-1fe9-59ee-0000-001085840b00}",
    "EventData.Data.ProcessId": "872",
    "EventData.Data.Image": "C:\\Windows\\System32\\provtool.exe",
    "EventData.Data.CommandLine": "C:\\Windows\\system32\\ProvTool.exe /turn 5 /source LogonIdleTask",
    "EventData.Data.CurrentDirectory": "C:\\Windows\\system32\\",
    "EventData.Data.User": "NT AUTHORITY\\SYSTEM",
    "EventData.Data.LogonGuid": "{fe62ad40-1d7c-59ee-0000-0020e7030000}",
    "EventData.Data.LogonId": "0x00000000000003e7",
    "EventData.Data.TerminalSessionId": "0",
    "EventData.Data.IntegrityLevel": "System",
    "EventData.Data.Hashes": "MD5=897AF21D4F49E3BE301304EA24D2A16E,SHA256=2947B852B6D673844F5138947066151C66ED0819699499509E1674A5398C4AAC",
    "EventData.Data.ParentProcessGuid": "{fe62ad40-1d7e-59ee-0000-0010f2220100}",
    "EventData.Data.ParentProcessId": "1296",
    "EventData.Data.ParentImage": "C:\\Windows\\System32\\svchost.exe",
    "EventData.Data.ParentCommandLine": "C:\\Windows\\system32\\svchost.exe -k netsvcs -p"
}
{
    "System.Provider.Name": "Microsoft-Windows-Sysmon",
    "System.Provider.Guid": "{5770385f-c22a-43e0-bf4c-06f5698ffbd9}",
    "System.EventID.Qualifiers": "",
    "System.EventID.text": "1",
    "System.Version": "5",
    "System.Level": "4",
    "System.Task": "1",
    "System.Opcode": "0",
    "System.Keywords": "0x8000000000000000",
    "System.TimeCreated.SystemTime": "2017-10-23 16:59:21.542713",
    "System.EventRecordID": "10897",
    "System.Correlation.ActivityID": "",
    "System.Correlation.RelatedActivityID": "",
    "System.Execution.ProcessID": "1996",
    "System.Execution.ThreadID": "2636",
    "System.Channel": "Microsoft-Windows-Sysmon/Operational",
    "System.Computer": "DESKTOP-GH9KMB7",
    "System.Security.UserID": "S-1-5-18",
    "EventData.Data.UtcTime": "2017-10-23 16:59:21.538",
    "EventData.Data.ProcessGuid": "{fe62ad40-1fe9-59ee-0000-00102d850b00}",
    "EventData.Data.ProcessId": "4220",
    "EventData.Data.Image": "C:\\Windows\\System32\\taskhostw.exe",
    "EventData.Data.CommandLine": "taskhostw.exe Event",
    "EventData.Data.CurrentDirectory": "C:\\Windows\\system32\\",
    "EventData.Data.User": "DESKTOP-GH9KMB7\\admin",
    "EventData.Data.LogonGuid": "{fe62ad40-1d89-59ee-0000-0020301b0300}",
    "EventData.Data.LogonId": "0x0000000000031b30",
    "EventData.Data.TerminalSessionId": "1",
    "EventData.Data.IntegrityLevel": "High",
    "EventData.Data.Hashes": "MD5=8BE99F1A9B787853F9B97AE6F8BD7B91,SHA256=8DDAD6B0FABE792B419E42103864F96119C078897D803B8EB4BE0DA44FD6F16E",
    "EventData.Data.ParentProcessGuid": "{fe62ad40-1d7e-59ee-0000-0010f2220100}",
    "EventData.Data.ParentProcessId": "1296",
    "EventData.Data.ParentImage": "C:\\Windows\\System32\\svchost.exe",
    "EventData.Data.ParentCommandLine": "C:\\Windows\\system32\\svchost.exe -k netsvcs -p"
}
{
    "System.Provider.Name": "Microsoft-Windows-Sysmon",
    "System.Provider.Guid": "{5770385f-c22a-43e0-bf4c-06f5698ffbd9}",
    "System.EventID.Qualifiers": "",
    "System.EventID.text": "1",
    "System.Version": "5",
    "System.Level": "4",
    "System.Task": "1",
    "System.Opcode": "0",
    "System.Keywords": "0x8000000000000000",
    "System.TimeCreated.SystemTime": "2017-10-23 16:59:21.564459",
    "System.EventRecordID": "10898",
    "System.Correlation.ActivityID": "",
    "System.Correlation.RelatedActivityID": "",
    "System.Execution.ProcessID": "1996",
    "System.Execution.ThreadID": "2636",
    "System.Channel": "Microsoft-Windows-Sysmon/Operational",
    "System.Computer": "DESKTOP-GH9KMB7",
    "System.Security.UserID": "S-1-5-18",
    "EventData.Data.UtcTime": "2017-10-23 16:59:21.557",
    "EventData.Data.ProcessGuid": "{fe62ad40-1fe9-59ee-0000-0010c1860b00}",
    "EventData.Data.ProcessId": "4660",
    "EventData.Data.Image": "C:\\Windows\\System32\\taskhostw.exe",
    "EventData.Data.CommandLine": "taskhostw.exe -IntegrityCheck",
    "EventData.Data.CurrentDirectory": "C:\\Windows\\system32\\",
    "EventData.Data.User": "NT AUTHORITY\\SYSTEM",
    "EventData.Data.LogonGuid": "{fe62ad40-1d7c-59ee-0000-0020e7030000}",
    "EventData.Data.LogonId": "0x00000000000003e7",
    "EventData.Data.TerminalSessionId": "0",
    "EventData.Data.IntegrityLevel": "System",
    "EventData.Data.Hashes": "MD5=8BE99F1A9B787853F9B97AE6F8BD7B91,SHA256=8DDAD6B0FABE792B419E42103864F96119C078897D803B8EB4BE0DA44FD6F16E",
    "EventData.Data.ParentProcessGuid": "{fe62ad40-1d7e-59ee-0000-0010f2220100}",
    "EventData.Data.ParentProcessId": "1296",
    "EventData.Data.ParentImage": "C:\\Windows\\System32\\svchost.exe",
    "EventData.Data.ParentCommandLine": "C:\\Windows\\system32\\svchost.exe -k netsvcs -p"
}
{
    "System.Provider.Name": "Microsoft-Windows-Sysmon",
    "System.Provider.Guid": "{5770385f-c22a-43e0-bf4c-06f5698ffbd9}",
    "System.EventID.Qualifiers": "",
    "System.EventID.text": "1",
    "System.Version": "5",
    "System.Level": "4",
    "System.Task": "1",
    "System.Opcode": "0",
    "System.Keywords": "0x8000000000000000",
    "System.TimeCreated.SystemTime": "2017-10-23 16:59:22.240915",
    "System.EventRecordID": "10899",
    "System.Correlation.ActivityID": "",
    "System.Correlation.RelatedActivityID": "",
    "System.Execution.ProcessID": "1996",
    "System.Execution.ThreadID": "2636",
    "System.Channel": "Microsoft-Windows-Sysmon/Operational",
    "System.Computer": "DESKTOP-GH9KMB7",
    "System.Security.UserID": "S-1-5-18",
    "EventData.Data.UtcTime": "2017-10-23 16:59:22.236",
    "EventData.Data.ProcessGuid": "{fe62ad40-1fea-59ee-0000-0010aaa10b00}",
    "EventData.Data.ProcessId": "5092",
    "EventData.Data.Image": "C:\\Windows\\System32\\tree.com",
    "EventData.Data.CommandLine": "tree  /F",
    "EventData.Data.CurrentDirectory": "C:\\Windows\\system32\\",
    "EventData.Data.User": "NT AUTHORITY\\SYSTEM",
    "EventData.Data.LogonGuid": "{fe62ad40-1d7c-59ee-0000-0020e7030000}",
    "EventData.Data.LogonId": "0x00000000000003e7",
    "EventData.Data.TerminalSessionId": "0",
    "EventData.Data.IntegrityLevel": "System",
    "EventData.Data.Hashes": "MD5=3F1DB41DF4A7A152DAF4E4EDF0B2635F,SHA256=CE11C3E4ADA6350EA2D0C9C469F65BFB1598CFE5552ACF1714A6E14FA95CCF06",
    "EventData.Data.ParentProcessGuid": "{fe62ad40-1d7e-59ee-0000-001032100100}",
    "EventData.Data.ParentProcessId": "1128",
    "EventData.Data.ParentImage": "C:\\Windows\\System32\\svchost.exe",
    "EventData.Data.ParentCommandLine": "C:\\Windows\\System32\\svchost.exe -k LocalSystemNetworkRestricted -p"
}
